"text";"favorited";"favoriteCount";"replyToSN";"created";"truncated";"replyToSID";"id";"replyToUID";"statusSource";"screenName";"retweetCount";"isRetweet";"retweeted";"longitude";"latitude"
"1";"@radioalfaec super triste";FALSE;0;"RobayoPaulo";2017-07-18 21:01:38;FALSE;"887416530790752260";"887417100633075713";"4100493513";"<a href=\"http://twitter.com\" rel=\"nofollow\">Twitter Web Client</a>";"RobayoPaulo";0;FALSE;FALSE;NA;NA
"2";"@radioalfaec hachiko siempre a tu lado";FALSE;0;"radioalfaec";2017-07-18 20:59:22;FALSE;"887407095070502912";"887416530790752260";"288528334";"<a href=\"http://twitter.com\" rel=\"nofollow\">Twitter Web Client</a>";"RobayoPaulo";0;FALSE;FALSE;NA;NA
"3";"#tbb Cuando los domingos eran imperdibles a las 15h00 #sundayparty #lafiestanopara @radioalfaec https://t.co/EJMq37SpxW";FALSE;1;NA;2017-07-18 20:58:06;FALSE;NA;"887416211461505027";NA;"<a href=\"http://twitter.com/download/iphone\" rel=\"nofollow\">Twitter for iPhone</a>";"Christopherfua_";0;FALSE;FALSE;NA;NA
"4";"@radioalfaec pls pongan warriors de imagine dragons";FALSE;0;"radioalfaec";2017-07-18 20:41:25;FALSE;"887407095070502912";"887412010698330114";"288528334";"<a href=\"http://twitter.com\" rel=\"nofollow\">Twitter Web Client</a>";"RobayoPaulo";0;FALSE;FALSE;NA;NA
"5";"@radioalfaec pls ponga warrior de imagine dragon";FALSE;0;"radioalfaec";2017-07-18 20:40:43;FALSE;NA;"887411835686793216";"288528334";"<a href=\"http://twitter.com\" rel=\"nofollow\">Twitter Web Client</a>";"RobayoPaulo";0;FALSE;FALSE;NA;NA
"6";"#MartesDeCine #MartesSentimental en el #AlfaShow cuáles son las mejores películas para llorar , coméntanos Right No… https://t.co/IsuCfwZMrI";FALSE;1;NA;2017-07-18 20:21:53;TRUE;NA;"887407095070502912";NA;"<a href=\"http://twitter.com\" rel=\"nofollow\">Twitter Web Client</a>";"radioalfaec";0;FALSE;FALSE;NA;NA
"7";"RT @radioalfaec: Es #Lunes y la fiesta continúa  #Intensamente en #AlfaNight junto a @carolbrunes https://t.co/tBpr4iCN5H";FALSE;0;NA;2017-07-18 17:44:34;FALSE;NA;"887367505731358720";NA;"<a href=\"http://twitter.com/download/iphone\" rel=\"nofollow\">Twitter for iPhone</a>";"krizthianmacias";4;TRUE;FALSE;NA;NA
"8";"#ParaLaOreja <ed><U+00A0><U+00BD><ed><U+00B1><U+0082><ed><U+00A0><U+00BC><ed><U+00BF><U+00BC>al máximo y dile 0 al aburrimiento <ed><U+00A0><U+00BC><ed><U+00BE><U+00A7>";FALSE;2;NA;2017-07-18 17:27:28;FALSE;NA;"887363203549847552";NA;"<a href=\"http://twitter.com\" rel=\"nofollow\">Twitter Web Client</a>";"radioalfaec";1;FALSE;FALSE;NA;NA
"9";"Martes con M de #Motivacion desde el #PrimeTime la mejor vibra o/ ¡No paramos! https://t.co/innt8IiRWi";FALSE;4;NA;2017-07-18 15:36:00;FALSE;NA;"887335151814004741";NA;"<a href=\"http://twitter.com\" rel=\"nofollow\">Twitter Web Client</a>";"radioalfaec";2;FALSE;FALSE;NA;NA
"10";"RT @aldan26: #Guettaenalfaradio @radioalfaec Alvaro Mejia/25años/Quito/0992788996 #alfapase1608";FALSE;0;NA;2017-07-18 08:56:44;FALSE;NA;"887234673688051712";NA;"<a href=\"http://twitter.com\" rel=\"nofollow\">Twitter Web Client</a>";"Evelyn21815140";1;TRUE;FALSE;NA;NA
"11";"RT @radioalfaec: Es #Lunes y la fiesta continúa  #Intensamente en #AlfaNight junto a @carolbrunes https://t.co/tBpr4iCN5H";FALSE;0;NA;2017-07-18 02:15:51;FALSE;NA;"887133787322290180";NA;"<a href=\"http://twitter.com/download/android\" rel=\"nofollow\">Twitter for Android</a>";"dreamspaulo";4;TRUE;FALSE;NA;NA
"12";"Es #Lunes y la fiesta continúa  #Intensamente en #AlfaNight junto a @carolbrunes https://t.co/tBpr4iCN5H";FALSE;10;NA;2017-07-18 02:13:44;FALSE;NA;"887133252221378561";NA;"<a href=\"http://twitter.com\" rel=\"nofollow\">Twitter Web Client</a>";"radioalfaec";4;FALSE;FALSE;NA;NA
"13";"RT @radioalfaec: #LunesDeDiversión #LunesDeHt en el #AlfaShow interactúa junto a nosotros con el ht #JustoAhoraTengoGanas <ed><U+00A0><U+00BC><ed><U+00BE><U+00A7><ed><U+00A0><U+00BD><ed><U+00B5><U+00BA><ed><U+00A0><U+00BD><ed><U+00B3><U+00BB> https://t.co/…";FALSE;0;NA;2017-07-18 02:01:12;FALSE;NA;"887130099186794497";NA;"<a href=\"http://twitter.com/download/android\" rel=\"nofollow\">Twitter for Android</a>";"oz_jordy";1;TRUE;FALSE;NA;NA
"14";"#LunesDeDiversión #LunesDeHt en el #AlfaShow interactúa junto a nosotros con el ht #JustoAhoraTengoGanas <ed><U+00A0><U+00BC><ed><U+00BE><U+00A7><ed><U+00A0><U+00BD><ed><U+00B5><U+00BA><ed><U+00A0><U+00BD><ed><U+00B3><U+00BB> https://t.co/lHMJl5tOLq";FALSE;6;NA;2017-07-17 20:14:05;FALSE;NA;"887042743297609728";NA;"<a href=\"http://twitter.com\" rel=\"nofollow\">Twitter Web Client</a>";"radioalfaec";1;FALSE;FALSE;NA;NA
"15";"RT @radioalfaec: Es #Lunes y la fiesta continúa  #Intensamente en #AlfaNight junto a @carolbrunes https://t.co/fFoPFX0gWW";FALSE;0;NA;2017-07-17 15:22:19;FALSE;NA;"886969319070072832";NA;"<a href=\"http://twitter.com\" rel=\"nofollow\">Twitter Web Client</a>";"BillybhaighB";3;TRUE;FALSE;NA;NA
"16";"RT @radioalfaec: #MartesDeCine #MartesDeSuperhéroe en el #AlfaShow cuáles son las mejores películas de héroes , coméntanos Right Now!!! htt…";FALSE;0;NA;2017-07-17 15:22:08;FALSE;NA;"886969274488819713";NA;"<a href=\"http://twitter.com\" rel=\"nofollow\">Twitter Web Client</a>";"BillybhaighB";1;TRUE;FALSE;NA;NA
"17";"RT @radioalfaec: ¡VOTA YA! <ed><U+00A0><U+00BC><ed><U+00BE><U+00A7> Y tu canción estará en nuestro #ALFATOP20
¿Cúal es tu favorita? <U+279C><U+279C><U+279C> 1-2-3 https://t.co/c3GQYE5xcp";FALSE;0;NA;2017-07-17 15:21:56;FALSE;NA;"886969221695066113";NA;"<a href=\"http://twitter.com\" rel=\"nofollow\">Twitter Web Client</a>";"BillybhaighB";2;TRUE;FALSE;NA;NA
"18";"RT @Ofenbachmusic: #BeMine @francofolies <ed><U+00A0><U+00BD><ed><U+00B9><U+008F> https://t.co/osOyuHJrwp";FALSE;0;NA;2017-07-17 14:08:45;FALSE;NA;"886950806964109314";NA;"<a href=\"http://twitter.com\" rel=\"nofollow\">Twitter Web Client</a>";"radioalfaec";52;TRUE;FALSE;NA;NA
"19";"#FelizLunes y gracias por disfrutar desde muy temprano nuestra proga! #GoodMorningEcuador <ed><U+00A0><U+00BD><ed><U+00B8><U+008E><ed><U+00A0><U+00BC><ed><U+00BE><U+00BC><ed><U+00A0><U+00BD><ed><U+00B8><U+008A><ed><U+00A0><U+00BD><ed><U+00B3><U+00BB><ed><U+00A0><U+00BC><ed><U+00BE><U+00A7><ed><U+00A0><U+00BD><ed><U+00B5><U+00BA>";FALSE;2;NA;2017-07-17 12:21:46;FALSE;NA;"886923884150353920";NA;"<a href=\"http://twitter.com\" rel=\"nofollow\">Twitter Web Client</a>";"radioalfaec";1;FALSE;FALSE;NA;NA
"20";"RT @JamesBluntEsp: Segunda semana consecutiva en el numero 1 @JamesBlunt https://t.co/BvXseoocgN";FALSE;0;NA;2017-07-16 02:24:37;FALSE;NA;"886411218558214144";NA;"<a href=\"http://twitter.com/download/iphone\" rel=\"nofollow\">Twitter for iPhone</a>";"AliyseGibbons";4;TRUE;FALSE;NA;NA
"21";"RT @radioalfaec: Estas disfrutando los mejores beats de nuestro Dj invitado @noiskrell en los #AlfaMix https://t.co/z7FzMvpLAg";FALSE;0;NA;2017-07-15 03:00:59;FALSE;NA;"886057981187641344";NA;"<a href=\"http://twitter.com\" rel=\"nofollow\">Twitter Web Client</a>";"noiskrell";1;TRUE;FALSE;NA;NA
"22";"Estas disfrutando los mejores beats de nuestro Dj invitado @noiskrell en los #AlfaMix https://t.co/z7FzMvpLAg";FALSE;2;NA;2017-07-15 02:59:10;FALSE;NA;"886057523924664324";NA;"<a href=\"http://twitter.com/download/android\" rel=\"nofollow\">Twitter for Android</a>";"radioalfaec";1;FALSE;FALSE;NA;NA
"23";"RT @noiskrell: Now playing on @radioalfaec ! https://t.co/0jGZwsmowv";FALSE;0;NA;2017-07-15 02:33:18;FALSE;NA;"886051014985621504";NA;"<a href=\"http://twitter.com/download/android\" rel=\"nofollow\">Twitter for Android</a>";"radioalfaec";1;TRUE;FALSE;NA;NA
"24";"Now playing on @radioalfaec ! https://t.co/0jGZwsmowv";FALSE;3;NA;2017-07-15 02:29:01;FALSE;NA;"886049936986472448";NA;"<a href=\"http://twitter.com\" rel=\"nofollow\">Twitter Web Client</a>";"noiskrell";1;FALSE;FALSE;NA;NA
"25";"Esta noche para los que no tienen rumba pero les encanta la #electronica @laxmedellin @radioalfaec #live https://t.co/wwaujJbYF6";FALSE;0;NA;2017-07-14 22:22:48;FALSE;NA;"885987972016996352";NA;"<a href=\"http://twitter.com/download/iphone\" rel=\"nofollow\">Twitter for iPhone</a>";"omarlafa";0;FALSE;FALSE;NA;NA
"26";"Viernes de Duelo en el #AlfaShow
Vota por tu favorito @KygoMusic vs @daftpunk 
Escucharás los mejores beats del gan… https://t.co/VusXNlmG4K";FALSE;6;NA;2017-07-14 21:34:30;TRUE;NA;"885975818421383169";NA;"<a href=\"http://twitter.com\" rel=\"nofollow\">Twitter Web Client</a>";"radioalfaec";0;FALSE;FALSE;NA;NA
"27";"@radioalfaec Por favor podrían complacernos con #VueloAParis de @JohannVera <U+2708><U+FE0F>  Gracias.";FALSE;0;"radioalfaec";2017-07-14 19:49:14;FALSE;NA;"885949325657944064";"288528334";"<a href=\"http://twitter.com/download/iphone\" rel=\"nofollow\">Twitter for iPhone</a>";"ificouldflyec";0;FALSE;FALSE;NA;NA
"28";"@radioalfaec Por favor podrían complacernos con #VueloAParis de @JohannVera1 <U+2708><U+FE0F>  Gracias.";FALSE;0;"radioalfaec";2017-07-14 19:38:01;FALSE;NA;"885946506087411713";"288528334";"<a href=\"http://twitter.com\" rel=\"nofollow\">Twitter Web Client</a>";"13danideHoran";0;FALSE;FALSE;NA;NA
"29";"@radioalfaec Por favor podrían complacernos con #VueloAParis de @JohannVera <U+2708><U+FE0F>  Gracias.";FALSE;0;"radioalfaec";2017-07-14 18:51:56;FALSE;NA;"885934905833775104";"288528334";"<a href=\"http://twitter.com\" rel=\"nofollow\">Twitter Web Client</a>";"YazLovesJohann";0;FALSE;FALSE;NA;NA
"30";"RT @radioalfaec: Sigue la diversión y tus éxitos dance en este mediodía junto a @carolbrunes en #ParaLaOreja <ed><U+00A0><U+00BD><ed><U+00B3><U+00BB><ed><U+00A0><U+00BC><ed><U+00BE><U+00A7><ed><U+00A0><U+00BD><ed><U+00B1><U+0082><ed><U+00A0><U+00BC><ed><U+00BF><U+00BC> https://t.co/MbJuOSfGx9";FALSE;0;NA;2017-07-14 17:53:32;FALSE;NA;"885920209302945793";NA;"<a href=\"http://twitter.com/download/iphone\" rel=\"nofollow\">Twitter for iPhone</a>";"beatrizvaladar5";2;TRUE;FALSE;NA;NA
"31";"RT @radioalfaec: Sigue la diversión y tus éxitos dance en este mediodía junto a @carolbrunes en #ParaLaOreja <ed><U+00A0><U+00BD><ed><U+00B3><U+00BB><ed><U+00A0><U+00BC><ed><U+00BE><U+00A7><ed><U+00A0><U+00BD><ed><U+00B1><U+0082><ed><U+00A0><U+00BC><ed><U+00BF><U+00BC> https://t.co/MbJuOSfGx9";FALSE;0;NA;2017-07-14 17:37:35;FALSE;NA;"885916195240673280";NA;"<a href=\"https://about.twitter.com/products/tweetdeck\" rel=\"nofollow\">TweetDeck</a>";"ricardo_men_ve";2;TRUE;FALSE;NA;NA
"32";"Sigue la diversión y tus éxitos dance en este mediodía junto a @carolbrunes en #ParaLaOreja <ed><U+00A0><U+00BD><ed><U+00B3><U+00BB><ed><U+00A0><U+00BC><ed><U+00BE><U+00A7><ed><U+00A0><U+00BD><ed><U+00B1><U+0082><ed><U+00A0><U+00BC><ed><U+00BF><U+00BC> https://t.co/MbJuOSfGx9";FALSE;6;NA;2017-07-14 17:37:22;FALSE;NA;"885916140865826818";NA;"<a href=\"http://twitter.com\" rel=\"nofollow\">Twitter Web Client</a>";"radioalfaec";2;FALSE;FALSE;NA;NA
"33";"RT @radioalfaec: ¡AHORA EMPIEZA A VOTAR! <ed><U+00A0><U+00BC><ed><U+00BE><U+00A7> 
<ed><U+00A0><U+00BD><ed><U+00B4><U+009C> Así tu canción favorita estará en nuestro #ALFATOP20
¿Cuál es la mejor para ti ? <ed><U+00A0><U+00BC><ed><U+00B5><U+00B0><ed><U+00A0><U+00BD><ed><U+00B4><U+00A0><ed><U+00A0><U+00BC><ed><U+00B5><U+00B1>
A----B--…";FALSE;0;NA;2017-07-14 16:40:20;FALSE;NA;"885901789568094208";NA;"<a href=\"http://twitter.com/download/android\" rel=\"nofollow\">Twitter for Android</a>";"neljocoolcat593";1;TRUE;FALSE;NA;NA
"34";"RT @radioalfaec: <U+27A5> Ya tenemos al número UNO de nuestro #AlfaTop20 y es nada más y nada menos que @robin_schulz  <ed><U+00A0><U+00BC><ed><U+00BE><U+00A7>
Aquí te dejamos el TOP 20…";FALSE;0;NA;2017-07-14 16:39:26;FALSE;NA;"885901562379423744";NA;"<a href=\"http://twitter.com/download/android\" rel=\"nofollow\">Twitter for Android</a>";"neljocoolcat593";2;TRUE;FALSE;NA;NA
"35";"RT @radioalfaec: En minutos prepárate a disfrutar un episodio más de #OverDrive by @djoscartroya en los #AlfaMix <ed><U+00A0><U+00BD><ed><U+00B3><U+00BB><ed><U+00A0><U+00BC><ed><U+00BE><U+00BC><ed><U+00A0><U+00BD><ed><U+00B5><U+00BA><ed><U+00A0><U+00BC><ed><U+00BE><U+008A> https://t.co/Tm14hRmT…";FALSE;0;NA;2017-07-14 16:39:04;FALSE;NA;"885901471149150212";NA;"<a href=\"http://twitter.com/download/android\" rel=\"nofollow\">Twitter for Android</a>";"neljocoolcat593";1;TRUE;FALSE;NA;NA
"36";"RT @radioalfaec: Hoy, mañana y siempre con el mejor #Dance del planeta #AlfaRadio #AlfaMania https://t.co/innt8IiRWi https://t.co/9mYPOxwuqj";FALSE;0;NA;2017-07-14 16:38:22;FALSE;NA;"885901294455713792";NA;"<a href=\"http://twitter.com/download/android\" rel=\"nofollow\">Twitter for Android</a>";"neljocoolcat593";1;TRUE;FALSE;NA;NA
"37";"RT @radioalfaec: Casilla 04 #AlfaTop20 Conteo Final
@CalvinHarris @Pharrell @katyperry @BigSean - Feels https://t.co/Uvtz4CH08t";FALSE;0;NA;2017-07-14 16:33:50;FALSE;NA;"885900152099270656";NA;"<a href=\"http://twitter.com/download/android\" rel=\"nofollow\">Twitter for Android</a>";"neljocoolcat593";2;TRUE;FALSE;NA;NA
"38";"RT @radioalfaec: #AlfaNight con todo el #Dance para que tu #Jueves no sea nada aburrido o/ 98.5 uio 104.1 Gye 104.5 Cuenca 107.3 Manta, Por…";FALSE;0;NA;2017-07-14 16:33:28;FALSE;NA;"885900060558536704";NA;"<a href=\"http://twitter.com/download/android\" rel=\"nofollow\">Twitter for Android</a>";"neljocoolcat593";2;TRUE;FALSE;NA;NA
"39";"RT @radioalfaec: <U+27A5> Nuevamente @robin_schulz se lleva el puesto número UNO de nuestro #AlfaTop20 con #OK <U+270C><ed><U+00A0><U+00BC><ed><U+00BE><U+00A7>

<ed><U+00A0><U+00BD><ed><U+00B1><U+0087> Aquí te dejamos el TOP 20 de…";FALSE;0;NA;2017-07-14 16:33:09;FALSE;NA;"885899982691328000";NA;"<a href=\"http://twitter.com/download/android\" rel=\"nofollow\">Twitter for Android</a>";"neljocoolcat593";2;TRUE;FALSE;NA;NA
"40";"#ESViernesYElCuerpoLoSabe posiblemente una de las frases más queridas por la raza humana <ed><U+00A0><U+00BD><ed><U+00B8><U+0082><ed><U+00A0><U+00BD><ed><U+00B8><U+008A> #GoodMorningEcuador <ed><U+00A0><U+00BC><ed><U+00BE><U+00BC><ed><U+00A0><U+00BC><ed><U+00BE><U+00A7><ed><U+00A0><U+00BD><ed><U+00B3><U+00BB><ed><U+00A0><U+00BD><ed><U+00B8><U+008E>";FALSE;4;NA;2017-07-14 13:21:17;FALSE;NA;"885851696596955136";NA;"<a href=\"http://twitter.com\" rel=\"nofollow\">Twitter Web Client</a>";"radioalfaec";2;FALSE;FALSE;NA;NA
"41";"RT @JamesBluntEsp: Segunda semana consecutiva en el numero 1 @JamesBlunt https://t.co/BvXseoocgN";FALSE;0;NA;2017-07-14 12:52:08;FALSE;NA;"885844360880902146";NA;"<a href=\"https://mobile.twitter.com\" rel=\"nofollow\">Twitter Lite</a>";"JamesBluntSTN";4;TRUE;FALSE;NA;NA
"42";"RT @radioalfaec: La mejor canción en el #AlfaTop20 por segunda semana consecutiva es..
@robin_schulz @JamesBlunt - Ok https://t.co/utUYZpDK…";FALSE;0;NA;2017-07-14 08:52:12;FALSE;NA;"885783981492514816";NA;"<a href=\"http://twitter.com/download/iphone\" rel=\"nofollow\">Twitter for iPhone</a>";"gittisun";1;TRUE;FALSE;NA;NA
"43";"RT @JamesBluntEsp: Segunda semana consecutiva en el numero 1 @JamesBlunt https://t.co/BvXseoocgN";FALSE;0;NA;2017-07-14 08:51:44;FALSE;NA;"885783863737372672";NA;"<a href=\"http://twitter.com/download/iphone\" rel=\"nofollow\">Twitter for iPhone</a>";"gittisun";4;TRUE;FALSE;NA;NA
"44";"RT @radioalfaec: #AlfaNight con todo el #Dance para que tu #Jueves no sea nada aburrido o/ 98.5 uio 104.1 Gye 104.5 Cuenca 107.3 Manta, Por…";FALSE;0;NA;2017-07-14 02:58:43;FALSE;NA;"885695024167624704";NA;"<a href=\"http://wuxi.cuxibamba.com\" rel=\"nofollow\">wuxi-speaker</a>";"SFQuito";2;TRUE;FALSE;NA;NA
"45";"#AlfaNight con todo el #Dance para que tu #Jueves no sea nada aburrido o/ 98.5 uio 104.1 Gye 104.5 Cuenca 107.3 Man… https://t.co/MNzl34Ssak";FALSE;4;NA;2017-07-14 02:46:55;TRUE;NA;"885692052897443840";NA;"<a href=\"http://twitter.com\" rel=\"nofollow\">Twitter Web Client</a>";"radioalfaec";2;FALSE;FALSE;NA;NA
"46";"RT @radioalfaec: <U+27A5> Nuevamente @robin_schulz se lleva el puesto número UNO de nuestro #AlfaTop20 con #OK <U+270C><ed><U+00A0><U+00BC><ed><U+00BE><U+00A7>

<ed><U+00A0><U+00BD><ed><U+00B1><U+0087> Aquí te dejamos el TOP 20 de…";FALSE;0;NA;2017-07-14 02:42:43;FALSE;NA;"885690995068764160";NA;"<a href=\"http://twitter.com/download/android\" rel=\"nofollow\">Twitter for Android</a>";"jorgdj";2;TRUE;FALSE;NA;NA
"47";"<U+27A5> Nuevamente @robin_schulz se lleva el puesto número UNO de nuestro #AlfaTop20 con #OK <U+270C><ed><U+00A0><U+00BC><ed><U+00BE><U+00A7>

<ed><U+00A0><U+00BD><ed><U+00B1><U+0087> Aquí te dejamos el TOP… https://t.co/AVMXSJ99FD";FALSE;1;NA;2017-07-14 02:42:25;TRUE;NA;"885690920095690753";NA;"<a href=\"http://twitter.com\" rel=\"nofollow\">Twitter Web Client</a>";"radioalfaec";2;FALSE;FALSE;NA;NA
"48";"RT @ronimompiche: @CompaTeran @ControlMinero @CristinaSilvaEc @JavierCordovaEC @economista33 @CNACEcuador @TurismoEc @Ambiente_Ec @Cultura_…";FALSE;0;NA;2017-07-14 02:11:28;FALSE;NA;"885683132837634054";NA;"<a href=\"http://twitter.com/download/iphone\" rel=\"nofollow\">Twitter for iPhone</a>";"Osdrane";1;TRUE;FALSE;NA;NA
"49";"RT @JamesBluntEsp: Segunda semana consecutiva en el numero 1 @JamesBlunt https://t.co/BvXseoocgN";FALSE;0;NA;2017-07-14 00:32:55;FALSE;NA;"885658331238498306";NA;"<a href=\"http://twitter.com/download/android\" rel=\"nofollow\">Twitter for Android</a>";"kenyLoayza";4;TRUE;FALSE;NA;NA
"50";"Segunda semana consecutiva en el numero 1 @JamesBlunt https://t.co/BvXseoocgN";FALSE;7;NA;2017-07-13 23:26:51;FALSE;NA;"885641704287727617";NA;"<a href=\"http://twitter.com/download/android\" rel=\"nofollow\">Twitter for Android</a>";"JamesBluntEsp";4;FALSE;FALSE;NA;NA
"51";"La mejor canción en el #AlfaTop20 por segunda semana consecutiva es..
@robin_schulz @JamesBlunt - Ok https://t.co/utUYZpDKQN";FALSE;4;NA;2017-07-13 23:05:26;FALSE;NA;"885636313797545984";NA;"<a href=\"http://twitter.com\" rel=\"nofollow\">Twitter Web Client</a>";"radioalfaec";1;FALSE;FALSE;NA;NA
"52";"Casilla 02 #AlfaTop20 Conteo Final
@charlieputh - Attention https://t.co/3FSl8WmEWj";FALSE;1;NA;2017-07-13 23:02:15;FALSE;NA;"885635513578926081";NA;"<a href=\"http://twitter.com\" rel=\"nofollow\">Twitter Web Client</a>";"radioalfaec";0;FALSE;FALSE;NA;NA
"53";"RT @radioalfaec: Casilla 04 #AlfaTop20 Conteo Final
@CalvinHarris @Pharrell @katyperry @BigSean - Feels https://t.co/Uvtz4CH08t";FALSE;0;NA;2017-07-13 22:58:18;FALSE;NA;"885634518920704001";NA;"<a href=\"http://twitter.com/download/android\" rel=\"nofollow\">Twitter for Android</a>";"darioawesome";2;TRUE;FALSE;NA;NA
"54";"Casilla 03 #AlfaTop20 Conteo Final
@davidguetta @justinbieber - 2U https://t.co/mzVH48LZ8j";FALSE;1;NA;2017-07-13 22:55:26;FALSE;NA;"885633799257821185";NA;"<a href=\"http://twitter.com\" rel=\"nofollow\">Twitter Web Client</a>";"radioalfaec";0;FALSE;FALSE;NA;NA
"55";"Casilla 04 #AlfaTop20 Conteo Final
@CalvinHarris @Pharrell @katyperry @BigSean - Feels https://t.co/Uvtz4CH08t";FALSE;4;NA;2017-07-13 22:52:26;FALSE;NA;"885633042387173376";NA;"<a href=\"http://twitter.com\" rel=\"nofollow\">Twitter Web Client</a>";"radioalfaec";2;FALSE;FALSE;NA;NA
"56";"Casilla 05 #AlfaTop20 Conteo Final
@ShawnMendes - There's Nothing Holdin Me Back https://t.co/ZKt8B56uOL";FALSE;1;NA;2017-07-13 22:47:12;FALSE;NA;"885631728060162053";NA;"<a href=\"http://twitter.com\" rel=\"nofollow\">Twitter Web Client</a>";"radioalfaec";0;FALSE;FALSE;NA;NA
"57";"Casilla 06 #AlfaTop20 Conteo Final
@djkhaled - I'm The One";FALSE;2;NA;2017-07-13 22:44:29;FALSE;NA;"885631043952422913";NA;"<a href=\"http://twitter.com\" rel=\"nofollow\">Twitter Web Client</a>";"radioalfaec";1;FALSE;FALSE;NA;NA
"58";"Casilla 07 #AlfaTop20 Conteo Final
@Harry_Styles - Sign Of The Time";FALSE;1;NA;2017-07-13 22:42:17;FALSE;NA;"885630488286810112";NA;"<a href=\"http://twitter.com\" rel=\"nofollow\">Twitter Web Client</a>";"radioalfaec";0;FALSE;FALSE;NA;NA
"59";"RT @arminvanbuuren: Save 'Sunny Days' ft. @joshcumbee to your @Spotify for a chance to win exclusive merch! Go here: https://t.co/mC7HQTkhH…";FALSE;0;NA;2017-07-13 22:16:22;FALSE;NA;"885623967121379328";NA;"<a href=\"http://twitter.com\" rel=\"nofollow\">Twitter Web Client</a>";"radioalfaec";90;TRUE;FALSE;NA;NA
"60";"Casilla 08 #AlfaTop20 Conteo Final
@edsheeran - Shape Of You";FALSE;3;NA;2017-07-13 22:15:27;FALSE;NA;"885623737093156865";NA;"<a href=\"http://twitter.com\" rel=\"nofollow\">Twitter Web Client</a>";"radioalfaec";0;FALSE;FALSE;NA;NA
"61";"Casilla 09 #AlfaTop20 Conteo Final
@JonasBlue - Mama";FALSE;0;NA;2017-07-13 22:14:43;FALSE;NA;"885623550329147392";NA;"<a href=\"http://twitter.com\" rel=\"nofollow\">Twitter Web Client</a>";"radioalfaec";0;FALSE;FALSE;NA;NA
"62";"Casilla 10 #AlfaTop20 Conteo Final
@imjmichaels - Issues";FALSE;3;NA;2017-07-13 21:58:17;FALSE;NA;"885619414514663424";NA;"<a href=\"http://twitter.com\" rel=\"nofollow\">Twitter Web Client</a>";"radioalfaec";1;FALSE;FALSE;NA;NA
"63";"Casilla 11 #AlfaTop20 Conteo Final
@jasonderulo - Swalla";FALSE;1;NA;2017-07-13 21:53:13;FALSE;NA;"885618142344609796";NA;"<a href=\"http://twitter.com\" rel=\"nofollow\">Twitter Web Client</a>";"radioalfaec";0;FALSE;FALSE;NA;NA
"64";"Casilla 12 #AlfaTop20 Conteo Final
@BrunoMars - That's What I Like";FALSE;1;NA;2017-07-13 21:40:20;FALSE;NA;"885614900952936448";NA;"<a href=\"http://twitter.com\" rel=\"nofollow\">Twitter Web Client</a>";"radioalfaec";0;FALSE;FALSE;NA;NA
"65";"Casilla 13 #AlfaTop20 Conteo Final
@BURAKYETER - Tuesday";FALSE;1;NA;2017-07-13 21:39:11;FALSE;NA;"885614610363150337";NA;"<a href=\"http://twitter.com\" rel=\"nofollow\">Twitter Web Client</a>";"radioalfaec";0;FALSE;FALSE;NA;NA
"66";"Casilla 14 #AlfaTop20 Conteo Final
@djoscartroya @antoponcemusic #Monti - We Belong Together";FALSE;5;NA;2017-07-13 21:21:27;FALSE;NA;"885610147602731009";NA;"<a href=\"http://twitter.com\" rel=\"nofollow\">Twitter Web Client</a>";"radioalfaec";4;FALSE;FALSE;NA;NA
"67";"Casilla 15 #AlfaTop20 Conteo Final
@MartinGarrix ft @DUALIPA - Scared To Be Lonely";FALSE;1;NA;2017-07-13 21:01:46;FALSE;NA;"885605193345359872";NA;"<a href=\"http://twitter.com\" rel=\"nofollow\">Twitter Web Client</a>";"radioalfaec";0;FALSE;FALSE;NA;NA
"68";"Casilla 16 #AlfaTop20 Conteo Final
@KygoMusic ft @selenagomez - It Ain't Me";FALSE;2;NA;2017-07-13 21:00:33;FALSE;NA;"885604886724972545";NA;"<a href=\"http://twitter.com\" rel=\"nofollow\">Twitter Web Client</a>";"radioalfaec";0;FALSE;FALSE;NA;NA
"69";"@radioalfaec calvin harris my way";FALSE;0;"radioalfaec";2017-07-13 20:59:33;FALSE;NA;"885604633720344578";"288528334";"<a href=\"https://mobile.twitter.com\" rel=\"nofollow\">Twitter Lite</a>";"squezada782";0;FALSE;FALSE;NA;NA
"70";"@radioalfaec Ola porfavor si me pudieran poner la cancion de calvin harris my way";FALSE;0;"radioalfaec";2017-07-13 20:59:03;FALSE;"885337340855681025";"885604507928977408";"288528334";"<a href=\"https://mobile.twitter.com\" rel=\"nofollow\">Twitter Lite</a>";"squezada782";0;FALSE;FALSE;NA;NA
"71";"Casilla 17 #AlfaTop20 Conteo Final
@CalvinHarris - Slide";FALSE;2;NA;2017-07-13 20:41:36;FALSE;NA;"885600119986507777";NA;"<a href=\"http://twitter.com\" rel=\"nofollow\">Twitter Web Client</a>";"radioalfaec";0;FALSE;FALSE;NA;NA
"72";"Casilla 18 #AlfaTop20 Conteo Final
@Imaginedragons - Believer";FALSE;3;NA;2017-07-13 20:27:17;FALSE;NA;"885596516433481729";NA;"<a href=\"http://twitter.com\" rel=\"nofollow\">Twitter Web Client</a>";"radioalfaec";1;FALSE;FALSE;NA;NA
"73";"Casilla 19 #AlfaTop20 Conteo Final
@TheChainsmokers ft @coldplay - Something Just Like This";FALSE;2;NA;2017-07-13 20:14:54;FALSE;NA;"885593400061431808";NA;"<a href=\"http://twitter.com\" rel=\"nofollow\">Twitter Web Client</a>";"radioalfaec";0;FALSE;FALSE;NA;NA
"74";"Bienvenidos al #AlfaTop20 Conteo Final
Casilla 20
@cleanbandit - Symphony";FALSE;4;NA;2017-07-13 20:13:29;FALSE;NA;"885593043344248832";NA;"<a href=\"http://twitter.com\" rel=\"nofollow\">Twitter Web Client</a>";"radioalfaec";0;FALSE;FALSE;NA;NA
"75";"@radioalfaec hola amigos por fa pongan la canción de @stevenc_oficial China https://t.co/DCQ6KlUZwG";FALSE;0;"radioalfaec";2017-07-13 17:34:54;FALSE;NA;"885553132335489024";"288528334";"<a href=\"http://twitter.com/download/iphone\" rel=\"nofollow\">Twitter for iPhone</a>";"LISESTEFY2";0;FALSE;FALSE;NA;NA
"76";"RT @arminvanbuuren: Nominated for best Trance DJ &amp; best International DJ for this years @thedjawards!! Thanks all! Here's the link <ed><U+00A0><U+00BD><ed><U+00B9><U+008F> <U+2764><U+FE0F>  ht…";FALSE;0;NA;2017-07-13 16:51:56;FALSE;NA;"885542319264608256";NA;"<a href=\"http://twitter.com\" rel=\"nofollow\">Twitter Web Client</a>";"radioalfaec";143;TRUE;FALSE;NA;NA
"77";"@radioalfaec Hola Alfaradio, me podrian ayudar con el tracklist del intro de  la publicidad de Hardwell On Air ? Por favor";FALSE;0;"radioalfaec";2017-07-13 16:27:00;FALSE;NA;"885536045995094016";"288528334";"<a href=\"http://twitter.com\" rel=\"nofollow\">Twitter Web Client</a>";"ErickGallito";0;FALSE;FALSE;NA;NA
"78";"Lo mejor que puedes hacer a esta hora es escuchar @radioalfaec <ed><U+00A0><U+00BD><ed><U+00B1><U+008C><ed><U+00A0><U+00BD><ed><U+00B1><U+008F>";FALSE;0;NA;2017-07-13 03:45:10;FALSE;NA;"885344322559803392";NA;"<a href=\"http://twitter.com/download/android\" rel=\"nofollow\">Twitter for Android</a>";"darioawesome";0;FALSE;FALSE;NA;NA
"79";"Todos los Djs que mueven el mundo con el mejor beat suenan aquí https://t.co/innt8IiRWi #AlfaNight https://t.co/zSoNcbs8gi";FALSE;2;NA;2017-07-13 03:26:24;FALSE;NA;"885339601933619200";NA;"<a href=\"http://twitter.com\" rel=\"nofollow\">Twitter Web Client</a>";"radioalfaec";0;FALSE;FALSE;NA;NA
"80";"Vota por tu favorita en el #AlfaTop20
Conteo Final Jueves 15 horas";FALSE;1;NA;2017-07-13 03:17:25;FALSE;NA;"885337340855681025";NA;"<a href=\"http://twitter.com\" rel=\"nofollow\">Twitter Web Client</a>";"radioalfaec";4;FALSE;FALSE;NA;NA
"81";"@radioalfaec graciaas";FALSE;0;"RobayoPaulo";2017-07-13 02:10:46;FALSE;"885305593875095552";"885320567708160002";"4100493513";"<a href=\"http://twitter.com\" rel=\"nofollow\">Twitter Web Client</a>";"RobayoPaulo";0;FALSE;FALSE;NA;NA
"82";"@radioalfaec hola alfa radio pueden poner FEELS de CALVIN HARRIS POR FAVOR";FALSE;2;"radioalfaec";2017-07-13 01:11:16;FALSE;"885298548195119104";"885305593875095552";"288528334";"<a href=\"http://twitter.com\" rel=\"nofollow\">Twitter Web Client</a>";"RobayoPaulo";0;FALSE;FALSE;NA;NA
"83";"Hoy, mañana y siempre con el mejor #Dance del planeta #AlfaRadio #AlfaMania https://t.co/innt8IiRWi https://t.co/9mYPOxwuqj";FALSE;5;NA;2017-07-13 00:43:16;FALSE;NA;"885298548195119104";NA;"<a href=\"http://twitter.com\" rel=\"nofollow\">Twitter Web Client</a>";"radioalfaec";1;FALSE;FALSE;NA;NA
"84";"RT @soniadulcete: Voto por #Rompecorazones de @DulceMaria para que ingrese en el ranking #AlfaTop20 @radioalfaec http://";FALSE;0;NA;2017-07-12 23:36:19;FALSE;NA;"885281699441061889";NA;"<a href=\"http://twitter.com\" rel=\"nofollow\">Twitter Web Client</a>";"dulce5252";1;TRUE;FALSE;NA;NA
"85";"Voto por #Rompecorazones de @DulceMaria para que ingrese en el ranking #AlfaTop20 @radioalfaec http://";FALSE;1;NA;2017-07-12 23:33:17;FALSE;NA;"885280937679958016";NA;"<a href=\"http://twitter.com/download/android\" rel=\"nofollow\">Twitter for Android</a>";"soniadulcete";1;FALSE;FALSE;NA;NA
"86";"@radioalfaec ola Gustavo te escucho todos los dias desde 98.5, muy buena programación. Pondrías la música YOU MAKE ME de AVICII. Gracias";FALSE;0;"radioalfaec";2017-07-12 23:10:52;FALSE;NA;"885275294957010944";"288528334";"<a href=\"https://mobile.twitter.com\" rel=\"nofollow\">Twitter Lite</a>";"checatimbila";0;FALSE;FALSE;NA;NA
"87";"Hola @radioalfaec    puede poner #DevuélvemeElCorazón d @SebastianYatra porfavor @SebastianYatraE @GomiTwiin @andradedirak @UniversalMusicE";FALSE;0;NA;2017-07-12 21:45:08;FALSE;NA;"885253718442168321";NA;"<a href=\"http://twitter.com/download/android\" rel=\"nofollow\">Twitter for Android</a>";"Carolina_Chila";0;FALSE;FALSE;NA;NA
"88";"Con los sonidos que tu quieres estar #ParaLaOreja @maferfreire te acompaña hasta las 15:00 pm";FALSE;2;NA;2017-07-12 17:38:17;FALSE;NA;"885191597096407040";NA;"<a href=\"http://twitter.com\" rel=\"nofollow\">Twitter Web Client</a>";"radioalfaec";0;FALSE;FALSE;NA;NA
"89";"RT @radioalfaec: La vida se disfruta mejor cantando y bailando al ritmo de la #MúsicaElectrónica en el #AlfaShow con @nachomendezo y @carol…";FALSE;0;NA;2017-07-12 16:31:03;FALSE;NA;"885174678901358593";NA;"<a href=\"http://twitter.com/download/android\" rel=\"nofollow\">Twitter for Android</a>";"luiseduya";1;TRUE;FALSE;NA;NA
"90";"@radioalfaec ubiquen a a @faustominoz con #SoyValiente";FALSE;0;"radioalfaec";2017-07-12 14:01:40;FALSE;NA;"885137084272521216";"288528334";"<a href=\"http://twitter.com\" rel=\"nofollow\">Twitter Web Client</a>";"GabrielMonHi";0;FALSE;FALSE;NA;NA
"91";"Somos tu mejor compañía en este #Martes estas en #AlfaNight https://t.co/zKMzJZPHiW";FALSE;4;NA;2017-07-12 02:43:01;FALSE;NA;"884966295577526273";NA;"<a href=\"http://twitter.com\" rel=\"nofollow\">Twitter Web Client</a>";"radioalfaec";0;FALSE;FALSE;NA;NA
"92";"@viviiabi es nuestra invitada de esta semana en el #AlfaShow 
<U+27A5> Mano arriba quienes conocen a esta youtuber https://t.co/SzQSb3zzjt";FALSE;0;"Viviiabi";2017-07-12 02:15:04;FALSE;NA;"884959262044278784";"2722570848";"<a href=\"http://twitter.com\" rel=\"nofollow\">Twitter Web Client</a>";"radioalfaec";0;FALSE;FALSE;NA;NA
"93";"Nochesita de martes con el mejor ambiente #Dance desde #AlfaMania junto a @GerardVoice https://t.co/innt8IiRWi";FALSE;3;NA;2017-07-11 23:24:08;FALSE;NA;"884916246835318784";NA;"<a href=\"http://twitter.com\" rel=\"nofollow\">Twitter Web Client</a>";"radioalfaec";2;FALSE;FALSE;NA;NA
"94";"Hola @radioalfaec <ed><U+00A0><U+00BD><ed><U+00B1><U+008B> pueden programar #VolverteAVer de #LeslieShaw &amp; #Legarda <ed><U+00A0><U+00BC><ed><U+00BE><U+00B5>";FALSE;0;NA;2017-07-11 21:36:52;FALSE;NA;"884889249618776065";NA;"<a href=\"http://twitter.com\" rel=\"nofollow\">Twitter Web Client</a>";"luisa19918";0;FALSE;FALSE;NA;NA
"95";"RT @s19reyes: Hola @radioalfaec <ed><U+00A0><U+00BD><ed><U+00B1><U+008B> pueden programar #VolverteAVer de #LeslieShaw &amp; #Legarda <ed><U+00A0><U+00BC><ed><U+00BE><U+00B5> 
https://t.co/KKZWayIBTt";FALSE;0;NA;2017-07-11 21:36:37;FALSE;NA;"884889188465856513";NA;"<a href=\"http://twitter.com\" rel=\"nofollow\">Twitter Web Client</a>";"luisa19918";1;TRUE;FALSE;NA;NA
"96";"Hola @radioalfaec <ed><U+00A0><U+00BD><ed><U+00B1><U+008B> pueden programar #VolverteAVer de #LeslieShaw &amp; #Legarda <ed><U+00A0><U+00BC><ed><U+00BE><U+00B5> 
https://t.co/KKZWayIBTt";FALSE;0;NA;2017-07-11 21:36:06;FALSE;NA;"884889059247706113";NA;"<a href=\"http://twitter.com/download/android\" rel=\"nofollow\">Twitter for Android</a>";"s19reyes";1;FALSE;FALSE;NA;NA
"97";"@radioalfaec pueden poner #DevuelvemeElCorazon @SebastianYatra por favor @GomiTwiin @andradedirak @Vivi_CaroLuna @YatraEc @SebastianYatraE";FALSE;0;"radioalfaec";2017-07-11 21:30:03;FALSE;NA;"884887534291079169";"288528334";"<a href=\"http://twitter.com/download/android\" rel=\"nofollow\">Twitter for Android</a>";"vickimartillo_";0;FALSE;FALSE;NA;NA
"98";"@radioalfaec será q pueden ayudarme con el número dé WhatsApp";FALSE;0;"radioalfaec";2017-07-11 20:49:51;FALSE;NA;"884877420725227520";"288528334";"<a href=\"https://mobile.twitter.com\" rel=\"nofollow\">Twitter Lite</a>";"bryantuarez2";0;FALSE;FALSE;NA;NA
"99";"¡¡¡ YA ESTAMOS A 10 DÍAS DE #Tomorrowland !!! <ed><U+00A0><U+00BD><ed><U+00B8><U+008D><ed><U+00A0><U+00BD><ed><U+00B8><U+008D><ed><U+00A0><U+00BD><ed><U+00B8><U+008D>
@radioalfaec  
 <ed><U+00A0><U+00BE><ed><U+00B4><U+009C><ed><U+00A0><U+00BC><ed><U+00BF><U+00BC><ed><U+00A0><U+00BE><ed><U+00B4><U+009B><ed><U+00A0><U+00BC><ed><U+00BF><U+00BC><ed><U+00A0><U+00BD><ed><U+00B1><U+008C><ed><U+00A0><U+00BC><ed><U+00BF><U+00BC><ed><U+00A0><U+00BD><ed><U+00B1><U+00A8><ed><U+00A0><U+00BC><ed><U+00BF><U+00BC><U+200D><ed><U+00A0><U+00BC><ed><U+00BE><U+00A4><ed><U+00A0><U+00BD><ed><U+00B1><U+00A9><ed><U+00A0><U+00BC><ed><U+00BF><U+00BB><U+200D><ed><U+00A0><U+00BC><ed><U+00BE><U+00A4>";FALSE;2;NA;2017-07-11 14:37:28;FALSE;NA;"884783704165548032";NA;"<a href=\"http://twitter.com/download/android\" rel=\"nofollow\">Twitter for Android</a>";"AdrianZboss";0;FALSE;FALSE;NA;NA
"100";"Empieza tu mañana de martes con la mejor Musica Sigue a @radioalfaec y conectate con el mejor dance #GoodMorningEcuador";FALSE;2;NA;2017-07-11 12:24:42;FALSE;NA;"884750294860546048";NA;"<a href=\"http://twitter.com/download/android\" rel=\"nofollow\">Twitter for Android</a>";"Ar_BassDj";0;FALSE;FALSE;NA;NA
"101";"RT @radioalfaec: Es #Lunes y la fiesta continúa  #Intensamente en #AlfaNight junto a @carolbrunes https://t.co/2aXcfoDjvl";FALSE;0;NA;2017-07-11 02:16:06;FALSE;NA;"884597136238751745";NA;"<a href=\"http://twitter.com/download/android\" rel=\"nofollow\">Twitter for Android</a>";"Santiago_Adan";1;TRUE;FALSE;NA;NA
"102";"Es #Lunes y la fiesta continúa  #Intensamente en #AlfaNight junto a @carolbrunes https://t.co/2aXcfoDjvl";FALSE;1;NA;2017-07-11 02:13:15;FALSE;NA;"884596418454880257";NA;"<a href=\"http://twitter.com\" rel=\"nofollow\">Twitter Web Client</a>";"radioalfaec";1;FALSE;FALSE;NA;NA
"103";"#AlfaMania con la mejor vibra en la noche o/";FALSE;2;NA;2017-07-11 00:28:39;FALSE;NA;"884570092222259200";NA;"<a href=\"http://twitter.com\" rel=\"nofollow\">Twitter Web Client</a>";"radioalfaec";0;FALSE;FALSE;NA;NA
"104";"@radioalfaec  cómo se llama la canción que sonó hace tres minutos";FALSE;0;"radioalfaec";2017-07-10 23:28:47;FALSE;NA;"884555029247664132";"288528334";"<a href=\"http://twitter.com/download/iphone\" rel=\"nofollow\">Twitter for iPhone</a>";"ArevalogGabriel";0;FALSE;FALSE;NA;NA
"105";"La vida se disfruta mejor cantando y bailando al ritmo de la #MúsicaElectrónica en el #AlfaShow con @nachomendezo y… https://t.co/Q45L9mSUIa";FALSE;5;NA;2017-07-10 21:53:45;TRUE;NA;"884531111975686144";NA;"<a href=\"http://twitter.com\" rel=\"nofollow\">Twitter Web Client</a>";"radioalfaec";1;FALSE;FALSE;NA;NA
"106";"Recargados a mil<ed><U+00A0><U+00BD><ed><U+00B2><U+00AA><ed><U+00A0><U+00BC><ed><U+00BF><U+00BC> en este lunes #ParaLaOreja <ed><U+00A0><U+00BD><ed><U+00B1><U+0082><ed><U+00A0><U+00BC><ed><U+00BF><U+00BC><ed><U+00A0><U+00BE><ed><U+00B4><U+0099><ed><U+00A0><U+00BC><ed><U+00BF><U+00BC>";FALSE;3;NA;2017-07-10 17:11:19;FALSE;NA;"884460036361252865";NA;"<a href=\"http://twitter.com\" rel=\"nofollow\">Twitter Web Client</a>";"radioalfaec";0;FALSE;FALSE;NA;NA
"107";"@CompaTeran @ControlMinero @CristinaSilvaEc @JavierCordovaEC @economista33 @CNACEcuador @TurismoEc @Ambiente_Ec… https://t.co/mAXH5xjgAT";FALSE;1;"ronimompiche";2017-07-10 16:57:50;TRUE;"884455432085012484";"884456642280128512";"231435575";"<a href=\"http://twitter.com\" rel=\"nofollow\">Twitter Web Client</a>";"ronimompiche";1;FALSE;FALSE;NA;NA
"108";"Música Alfa Radio para empezar mi semana con con mucho positivismo!!! #AlfaRadio #GoodMorningEcuador #Ecuador #ActitudAlfa #FelizLunes <ed><U+00A0><U+00BD><ed><U+00B5><U+00BA><ed><U+00A0><U+00BC><ed><U+00BE><U+00BC><ed><U+00A0><U+00BD><ed><U+00B8><U+008E><ed><U+00A0><U+00BD><ed><U+00B3><U+00BB>";FALSE;5;NA;2017-07-10 12:20:53;FALSE;NA;"884386946163900417";NA;"<a href=\"http://twitter.com\" rel=\"nofollow\">Twitter Web Client</a>";"radioalfaec";3;FALSE;FALSE;NA;NA
"109";"Sonando #Attention de @charlieputh en 
@radioalfaec <ed><U+00A0><U+00BD><ed><U+00B8><U+008D>y^o^y";FALSE;0;NA;2017-07-09 22:25:01;FALSE;NA;"884176592993497089";NA;"<a href=\"http://twitter.com/download/android\" rel=\"nofollow\">Twitter for Android</a>";"DreamerDianne";0;FALSE;FALSE;NA;NA
